{"normalized_root_mean_squared_error": 0.03578930551264211, "root_mean_squared_log_error": 0.1302258721688295, "explained_variance": 0.8944570643792374, "normalized_root_mean_squared_log_error": 0.04236084835831457, "normalized_median_absolute_error": 0.014509132245016371, "root_mean_squared_error": 25771.878899653584, "median_absolute_error": 10448.026129636288, "spearman_correlation": 0.9562762595312719, "mean_absolute_error": 15609.99578903144, "mean_absolute_percentage_error": 9.19763905867747, "normalized_mean_absolute_error": 0.021677538937691213, "r2_score": 0.8942712633731941, "residuals": "aml://artifactId/ExperimentRun/dcid.AutoML_1e771021-d455-495a-a028-2a419ca9feb4_36/residuals", "predicted_true": "aml://artifactId/ExperimentRun/dcid.AutoML_1e771021-d455-495a-a028-2a419ca9feb4_36/predicted_true"}