{"r2_score": 0.8942710428327086, "root_mean_squared_error": 25771.906465315406, "spearman_correlation": 0.9562738525955498, "mean_absolute_percentage_error": 9.197768325624113, "root_mean_squared_log_error": 0.13022613109168246, "normalized_root_mean_squared_error": 0.03578934379296681, "normalized_median_absolute_error": 0.014509132245016371, "normalized_mean_absolute_error": 0.021677741931194747, "explained_variance": 0.8944568099173953, "median_absolute_error": 10448.026129636288, "normalized_root_mean_squared_log_error": 0.04236093258268204, "mean_absolute_error": 15610.141964653338, "predicted_true": "aml://artifactId/ExperimentRun/dcid.AutoML_8a1f49c7-7001-4525-9922-362961aa3ee3_36/predicted_true", "residuals": "aml://artifactId/ExperimentRun/dcid.AutoML_8a1f49c7-7001-4525-9922-362961aa3ee3_36/residuals"}