{"Learning rate": 0.18129796634434836, "Gamma": 4.674155569940654, "Maximum depth": 3.0, "r2_score": 0.9151188451835607}