{"mean_absolute_percentage_error": 9.189548385041606, "r2_score": 0.8867183587869617, "normalized_mean_absolute_error": 0.02152348548410304, "explained_variance": 0.8868079393249927, "normalized_root_mean_squared_error": 0.037018768677643726, "spearman_correlation": 0.956256808492198, "root_mean_squared_log_error": 0.13271070134427843, "mean_absolute_error": 15499.061897102598, "normalized_root_mean_squared_log_error": 0.04316913222805933, "median_absolute_error": 9696.481985777713, "root_mean_squared_error": 26657.21532477124, "normalized_median_absolute_error": 0.013465465887762413, "residuals": "aml://artifactId/ExperimentRun/dcid.AutoML_0fc9eea6-09ad-40ac-9ec1-b571665bbd87_36/residuals", "predicted_true": "aml://artifactId/ExperimentRun/dcid.AutoML_0fc9eea6-09ad-40ac-9ec1-b571665bbd87_36/predicted_true"}