{"Learning rate": 0.06745453327900494, "Gamma": 7.785960174043349, "Maximum depth": 5.0, "r2_score": 0.9079294218993269}