{"root_mean_squared_log_error": 0.12855427357163166, "spearman_correlation": 0.9577828532398551, "normalized_root_mean_squared_log_error": 0.04181709823007532, "r2_score": 0.894495574186684, "root_mean_squared_error": 25739.296393934364, "mean_absolute_percentage_error": 9.05916141769014, "normalized_mean_absolute_error": 0.02133548496494304, "normalized_root_mean_squared_error": 0.03574405831680928, "explained_variance": 0.8945550043138528, "mean_absolute_error": 15363.68272325548, "median_absolute_error": 9955.667583551089, "normalized_median_absolute_error": 0.013825395894391178, "residuals": "aml://artifactId/ExperimentRun/dcid.AutoML_1eb2883c-ec84-44fa-b028-c77e1f99ce4b_36/residuals", "predicted_true": "aml://artifactId/ExperimentRun/dcid.AutoML_1eb2883c-ec84-44fa-b028-c77e1f99ce4b_36/predicted_true"}