{"Learning rate": 0.15327362795270094, "Gamma": 6.785822376960304, "Maximum depth": 7.0, "r2_score": 0.912108968001802}