{"Learning rate": 0.061044644881138845, "Gamma": 7.077858161938429, "Maximum depth": 5.0, "r2_score": 0.9283421514369813}