{"spearman_correlation": 0.9559026574640738, "explained_variance": 0.886380364978227, "mean_absolute_percentage_error": 9.244645592338562, "r2_score": 0.8862375437002769, "normalized_mean_absolute_error": 0.021817456283722978, "median_absolute_error": 10394.03707967909, "root_mean_squared_error": 26688.38779728529, "normalized_root_mean_squared_error": 0.03706205776598429, "normalized_root_mean_squared_log_error": 0.04269955410723055, "normalized_median_absolute_error": 0.014434157866517278, "root_mean_squared_log_error": 0.13126712259866236, "mean_absolute_error": 15710.750269908918, "residuals": "aml://artifactId/ExperimentRun/dcid.AutoML_528c38f9-0ea8-4630-b5ed-e8fb94c9daa5_36/residuals", "predicted_true": "aml://artifactId/ExperimentRun/dcid.AutoML_528c38f9-0ea8-4630-b5ed-e8fb94c9daa5_36/predicted_true"}