{"r2_score": 0.885898472424608, "normalized_root_mean_squared_log_error": 0.042947817229549566, "mean_absolute_error": 15439.116472115917, "normalized_root_mean_squared_error": 0.037139291460024836, "spearman_correlation": 0.9573852130501542, "median_absolute_error": 9654.516791774067, "root_mean_squared_error": 26744.00378036388, "mean_absolute_percentage_error": 9.122770171936464, "normalized_mean_absolute_error": 0.021440239511339974, "explained_variance": 0.886052769069071, "root_mean_squared_log_error": 0.13203033398097183, "normalized_median_absolute_error": 0.013407188990104244, "residuals": "aml://artifactId/ExperimentRun/dcid.AutoML_cd63750f-df45-4803-b135-af0f23de09cd_36/residuals", "predicted_true": "aml://artifactId/ExperimentRun/dcid.AutoML_cd63750f-df45-4803-b135-af0f23de09cd_36/predicted_true"}