{"Learning rate": 0.05776444084600065, "Gamma": 8.12061751815267, "Maximum depth": 7.0, "r2_score": 0.9130778329488691}